Workbook

Sheet Content Calendar
A1: IDENTITY | E1: CONTENT | I1: VISUAL & ASSETS | L1: CHANNELS & FORMAT | P1: PIPELINE | S1: TARGETING & CTA | W1: POST-PUBLISH METRICS
A2: POST ID | B2: CAMPAIGN | C2: PILLAR | D2: CLASSIFICATION | E2: TOPIC | F2: HOOK | G2: CAPTION | H2: LORE REFS | I2: VISUAL DIRECTION | J2: PROMPT TEMPLATE | K2: ASSET IDS | L2: CHANNELS | M2: IG FORMAT | N2: TW FORMAT | O2: FB FORMAT | P2: STATUS | Q2: SCHED DATE | R2: SCHED TIME | S2: AUDIENCE | T2: HASHTAGS | U2: CTA TYPE | V2: CTA LINK | W2: PUBLISHED URL | X2: IMPRESSIONS | Y2: ENGAGEMENT | Z2: CLICKS | AA2: PERF NOTES
A3: BHV-20260401-001 | B3: phase1-lore-reveals | C3: world_window | D3: declassified | E3: The Mesh — what it sees how it works | F3: Every breath you take is catalogued. Every step mapped. Welcome to the Mesh. | G3: Every breath you take is catalogued. Every step mapped. The Mesh doesn't just watch — it remembers. Welcome to Bharatvarsh. | H3: Bible:Technology:TheMesh | I3: Dark atmospheric visualization of the Mesh network — blue-white light grids overlaid on a nighttime cityscape, data nodes pulsing, facial recognition frames on pedestrians below | J3: atmospheric_background | L3: instagram,twitter,facebook | M3: feed_post | N3: single_tweet | O3: post | P3: planned | Q3: 2026-04-01 | R3: 10:00 | S3: A,B | T3: #Bharatvarsh #TheMesh #DystopianFiction #IndianSciFi #NewNovel | U3: website | V3: https://welcometobharatvarsh.com
A4: BHV-20260403-001 | B4: phase1-character-spotlights | C4: character_spotlight | D4: declassified | E4: Kahaan — the military prince who sees too much | F4: He was trained to follow orders. His lens showed him why he shouldn't. | G4: He was trained to follow orders. His lens showed him why he shouldn't. Meet Kahaan — Bharatsena's most decorated young officer, carrying a secret that could unravel the Directorate. | H4: Bible:Characters:Kahaan | I4: Cinematic portrait of Kahaan — close-up, dark command room, floating tactical lens near right eye, navy uniform with gold piping, intense focused expression | J4: cinematic_portrait | L4: instagram,twitter | M4: feed_post | N4: thread | P4: planned | Q4: 2026-04-03 | R4: 18:30 | S4: A,B | T4: #Bharatvarsh #Kahaan #CharacterReveal #IndianSciFi #MilitaryFiction | U4: website | V4: https://welcometobharatvarsh.com
A5: BHV-20260405-001 | B5: phase1-lore-reveals | C5: the_question | D5: declassified | E5: Children think checkpoints are streetlights | F5: What if the world you were born into was a lie — and you never thought to question it? | G5: What if the world you were born into was a lie — and you never thought to question it? In Bharatvarsh, children walk through checkpoints like streetlights. They don't question. Do you? | H5: Bible:World:Checkpoints,Bible:Themes:NormalizedOppression | I5: Atmospheric Oxy Pole boulevard scene — children walking through checkpoint, beautiful but unsettling, surveillance cameras embedded in lamp posts, blue-white purification light | J5: environment_landscape | L5: instagram,twitter,facebook | M5: feed_post | N5: single_tweet | O5: post | P5: planned | Q5: 2026-04-05 | R5: 12:00 | S5: B,C | T5: #Bharatvarsh #TheQuestion #DystopianFiction #WakeUp #IndianSciFi | U5: none
A6: BHV-20260408-001 | B6: phase1-character-spotlights | C6: character_spotlight | D6: declassified | E6: Rudra — silence before the storm | F6: He doesn't speak of what he's done. The Grey Trident insignia speaks for him. | G6: He doesn't speak of what he's done. The Grey Trident insignia speaks for him. Rudra — warrior, weapon, and the Directorate's most dangerous instrument. | H6: Bible:Characters:Rudra | I6: Cinematic portrait of Rudra — battle-worn tactical gear, Grey Trident insignia on shoulder, intense dark eyes, dark atmospheric background with dust particles | J6: cinematic_portrait | L6: instagram,twitter | M6: feed_post | N6: single_tweet | P6: planned | Q6: 2026-04-08 | R6: 18:30 | S6: A,B | T6: #Bharatvarsh #Rudra #GreyTrident #CharacterReveal #IndianSciFi | U6: website | V6: https://welcometobharatvarsh.com
A7: BHV-20260410-001 | B7: phase1-lore-reveals | C7: world_window | D7: declassified | E7: Oxy Poles — the air you breathe is a gift from the state | F7: Clean air is not a right. It's a service. And services can be revoked. | G7: Clean air is not a right. It's a service. And every service can be revoked. The Oxy Poles of Bharatvarsh purify the air — and remind you who controls it. | H7: Bible:Technology:OxyPoles,Bible:World:StateControl | I7: Technology close-up of an Oxy Pole — tall slender metallic column, glowing blue-white top section, against obsidian night sky, Mughal geometric patterns in the metalwork | J7: technology_closeup | L7: instagram,twitter,facebook | M7: feed_post | N7: single_tweet | O7: post | P7: planned | Q7: 2026-04-10 | R7: 10:00 | S7: A,B,C | T7: #Bharatvarsh #OxyPoles #WorldBuilding #DystopianFiction #IndianSciFi | U7: website | V7: https://welcometobharatvarsh.com

Sheet Pipeline Dashboard
A1: BHARATVARSH CONTENT OPS — PIPELINE DASHBOARD
A3: STATUS BREAKDOWN | E3: PILLAR BREAKDOWN
A4: Status | B4: Count | C4: % of Total | E4: Pillar | F4: Count | G4: % of Total
A5: idea | B5: =COUNTIF('Content Calendar'!P:P,A5) -> 0 | C5: =IF(SUM(B5:B14)>0,B5/SUM(B5:B14),0) -> 0 | E5: world_window | F5: =COUNTIF('Content Calendar'!C:C,E5) -> 2 | G5: =IF(SUM(F5:F9)>0,F5/SUM(F5:F9),0) -> 0.4
A6: planned | B6: =COUNTIF('Content Calendar'!P:P,A6) -> 5 | C6: =IF(SUM(B5:B14)>0,B6/SUM(B5:B14),0) -> 1 | E6: character_spotlight | F6: =COUNTIF('Content Calendar'!C:C,E6) -> 2 | G6: =IF(SUM(F5:F9)>0,F6/SUM(F5:F9),0) -> 0.4
A7: prompt_ready | B7: =COUNTIF('Content Calendar'!P:P,A7) -> 0 | C7: =IF(SUM(B5:B14)>0,B7/SUM(B5:B14),0) -> 0 | E7: the_question | F7: =COUNTIF('Content Calendar'!C:C,E7) -> 1 | G7: =IF(SUM(F5:F9)>0,F7/SUM(F5:F9),0) -> 0.2
A8: assets_generating | B8: =COUNTIF('Content Calendar'!P:P,A8) -> 0 | C8: =IF(SUM(B5:B14)>0,B8/SUM(B5:B14),0) -> 0 | E8: behind_the_build | F8: =COUNTIF('Content Calendar'!C:C,E8) -> 0 | G8: =IF(SUM(F5:F9)>0,F8/SUM(F5:F9),0) -> 0
A9: assets_final | B9: =COUNTIF('Content Calendar'!P:P,A9) -> 0 | C9: =IF(SUM(B5:B14)>0,B9/SUM(B5:B14),0) -> 0 | E9: gateway_cta | F9: =COUNTIF('Content Calendar'!C:C,E9) -> 0 | G9: =IF(SUM(F5:F9)>0,F9/SUM(F5:F9),0) -> 0
A10: rendered | B10: =COUNTIF('Content Calendar'!P:P,A10) -> 0 | C10: =IF(SUM(B5:B14)>0,B10/SUM(B5:B14),0) -> 0
A11: approved | B11: =COUNTIF('Content Calendar'!P:P,A11) -> 0 | C11: =IF(SUM(B5:B14)>0,B11/SUM(B5:B14),0) -> 0
A12: scheduled | B12: =COUNTIF('Content Calendar'!P:P,A12) -> 0 | C12: =IF(SUM(B5:B14)>0,B12/SUM(B5:B14),0) -> 0
A13: published | B13: =COUNTIF('Content Calendar'!P:P,A13) -> 0 | C13: =IF(SUM(B5:B14)>0,B13/SUM(B5:B14),0) -> 0
A14: analyzing | B14: =COUNTIF('Content Calendar'!P:P,A14) -> 0 | C14: =IF(SUM(B5:B14)>0,B14/SUM(B5:B14),0) -> 0
A15: TOTAL | B15: =SUM(B5:B14) -> 5

Sheet Schema Reference
A1: CONTENT CALENDAR — FIELD SCHEMA
A2: Field | B2: Type | C2: Required | D2: Allowed Values / Pattern
A3: post_id | B3: string | C3: YES | D3: ^BHV-\d{8}-\d{3}$
A4: campaign | B4: string | C4: YES
A5: content_pillar | B5: string | C5: YES | D5: world_window, character_spotlight, the_question, behind_the_build, gateway_cta
A6: topic | B6: string | C6: YES
A7: hook | B7: string | C7: YES
A8: lore_refs | B8: string
A9: classified_status | B9: string | C9: YES | D9: declassified, classified
A10: channels | B10: string | C10: YES
A11: format_instagram | B11: string | D11: feed_post, reel, story, carousel,
A12: format_twitter | B12: string | D12: single_tweet, thread, poll, quote_tweet,
A13: format_facebook | B13: string | D13: post, reel, story,
A14: caption_text | B14: string
A15: visual_direction | B15: string
A16: prompt_template | B16: string
A17: asset_ids | B17: string
A18: status | B18: string | C18: YES | D18: idea, planned, prompt_ready, assets_generating, assets_final, rendered, approved, scheduled, published, analyzing
A19: scheduled_date | B19: string | D19: ^\d{4}-\d{2}-\d{2}$
A20: scheduled_time | B20: string | D20: ^\d{2}:\d{2}$
A21: target_audience | B21: string
A22: hashtags | B22: string
A23: cta_type | B23: string | D23: none, website, purchase, lead_magnet, forum, bhoomi,
A24: cta_link | B24: string | D24: format: uri
A25: published_url | B25: string
A26: performance_impressions | B26: integer/null
A27: performance_engagement | B27: number/null
A28: performance_clicks | B28: integer/null
A29: performance_notes | B29: string
